subreddit,ache,afraid,agony,always tired,anxiety,anxious,bedtime,can't breathe,can't fall asleep,can't move,chest tightness,discomfort,dread,dream,exhausted,fear,feels like i'm dying,flare-up,freaking out,headache,heart pounding,hurt,hypersomnia,inflammation,insomnia,melatonin,migraine,nap,nervous,nightmares,no energy,on edge,oversleep,overwhelmed,pain,panic,paranoia,racing heart,scared,shortness of breath,sleep,slept,snooze,soreness,spiraling,stinging,stress,suffering,sweating,throbbing,tired all the time,tossing and turning,wake up at night,wide awake,worry
cannabis_raw_data,0.05128205128205128,0.06739130434782609,0.0,0.0,0.010996119016817595,0.008071748878923767,0.0,0.0,0.0,0.14285714285714285,0.0,0.006802721088435374,0.0,0.02978488692774407,0.016129032258064516,0.147239263803681,0.0,0.0,0.017241379310344827,0.012589928057553957,0.0,0.0690978886756238,0.0,0.021406727828746176,0.005555555555555556,0.0038022813688212928,0.007194244604316547,0.04727272727272727,0.015228426395939087,0.02066115702479339,0.0,0.05263157894736842,0.0,0.06461538461538462,0.03207810320781032,0.009401709401709401,0.006396588486140725,0.0,0.034578146611341634,0.0,0.01436720895837735,0.028,0.0,0.0,0.05128205128205128,0.0,0.011711125569290826,0.05263157894736842,0.0111731843575419,0.0,0.0,0.0,0.0,0.0,0.03450834879406308
cannabiscultivation_raw_data,0.0,0.017391304347826087,0.0,0.0,0.0010780508840017248,0.0,0.005235602094240838,0.0,0.0,0.0,0.0,0.0,0.0,0.01820187534473249,0.008064516129032258,0.02147239263803681,0.0,0.0,0.0,0.01618705035971223,0.0,0.03838771593090211,0.0,0.0,0.0,0.0038022813688212928,0.0,0.0,0.01015228426395939,0.004132231404958678,0.0,0.0,0.0,0.012307692307692308,0.005857740585774059,0.003418803418803419,0.0042643923240938165,0.0,0.012448132780082987,0.0,0.001478977392774139,0.004,0.0,0.0,0.0,0.0,0.09629147690305791,0.005263157894736842,0.00558659217877095,0.0,0.0,0.0,0.0,0.0,0.034137291280148425
cbd_raw_data,0.0,0.0391304347826087,0.0,0.0,0.13799051315222077,0.06547085201793722,0.09424083769633508,0.0,0.0,0.0,0.0,0.06802721088435375,0.07142857142857142,0.019856591285162713,0.03225806451612903,0.02147239263803681,0.0,0.0,0.034482758620689655,0.05935251798561151,0.0,0.023032629558541268,0.0,0.2966360856269113,0.1537037037037037,0.23954372623574144,0.07553956834532374,0.025454545454545455,0.07868020304568528,0.024793388429752067,0.0,0.13157894736842105,0.0,0.04,0.09511854951185496,0.09316239316239316,0.05543710021321962,0.13157894736842105,0.027662517289073305,0.06896551724137931,0.1149376716670188,0.04,0.0,0.29411764705882354,0.05128205128205128,0.0,0.05530253741054001,0.05789473684210526,0.0111731843575419,0.25,0.0,0.1111111111111111,0.0,0.16666666666666666,0.025602968460111317
delta8_raw_data,0.10256410256410256,0.02391304347826087,0.0,0.0,0.037516170763260026,0.034080717488789235,0.005235602094240838,0.0,0.0,0.0,0.0,0.02040816326530612,0.07142857142857142,0.0126861555432984,0.008064516129032258,0.04447852760736196,0.0,0.0,0.07758620689655173,0.02158273381294964,0.0,0.02783109404990403,0.0,0.039755351681957186,0.025925925925925925,0.030418250950570342,0.007194244604316547,0.02909090909090909,0.04314720812182741,0.012396694214876033,0.0,0.0,0.0,0.05846153846153846,0.03291492329149233,0.0735042735042735,0.06396588486140725,0.05263157894736842,0.040110650069156296,0.034482758620689655,0.0371857173040355,0.048,0.0,0.0,0.0,0.0,0.01951854261548471,0.005263157894736842,0.03910614525139665,0.0,0.0,0.1111111111111111,0.0,0.08333333333333333,0.03599257884972171
eldertrees_raw_data,0.1282051282051282,0.13260869565217392,0.2,0.0,0.2069857697283312,0.2062780269058296,0.18324607329842932,0.16666666666666666,0.4,0.0,0.25,0.2585034013605442,0.08928571428571429,0.10865968008825151,0.06451612903225806,0.1411042944785276,0.0,0.6,0.1206896551724138,0.22482014388489208,0.06666666666666667,0.12284069097888675,0.0,0.13761467889908258,0.13148148148148148,0.12927756653992395,0.14388489208633093,0.12727272727272726,0.1548223350253807,0.1487603305785124,0.0,0.23684210526315788,0.0,0.10461538461538461,0.14700139470013948,0.27008547008547007,0.3816631130063966,0.3684210526315789,0.08575380359612725,0.1724137931034483,0.1413479822522713,0.092,0.14285714285714285,0.17647058823529413,0.15384615384615385,0.2,0.14313597918022122,0.21578947368421053,0.12849162011173185,0.25,0.07142857142857142,0.16666666666666666,0.3333333333333333,0.25,0.10538033395176252
entwives_raw_data,0.15384615384615385,0.14347826086956522,0.06666666666666667,0.0,0.05972401897369556,0.07892376681614349,0.1518324607329843,0.0,0.0,0.14285714285714285,0.0,0.06802721088435375,0.21428571428571427,0.07335907335907337,0.16129032258064516,0.11196319018404909,0.0,0.2,0.15517241379310345,0.04316546762589928,0.0,0.13531669865642995,0.0,0.03363914373088685,0.024074074074074074,0.015209125475285171,0.20503597122302158,0.26181818181818184,0.14720812182741116,0.07851239669421488,0.07142857142857142,0.05263157894736842,0.6666666666666666,0.1076923076923077,0.11436541143654114,0.05042735042735043,0.02771855010660981,0.02631578947368421,0.19363762102351315,0.0,0.06401859285865202,0.12,0.0,0.058823529411764705,0.07692307692307693,0.0,0.10605074821080027,0.08421052631578947,0.027932960893854747,0.25,0.14285714285714285,0.1111111111111111,0.0,0.0,0.054916512059369205
leaves_raw_data,0.10256410256410256,0.09130434782608696,0.06666666666666667,0.25,0.11039241052177663,0.13721973094170403,0.06806282722513089,0.0,0.0,0.14285714285714285,0.0,0.1360544217687075,0.23214285714285715,0.20518477661334805,0.3225806451612903,0.09969325153374232,0.0,0.0,0.06896551724137931,0.08992805755395683,0.2,0.10268714011516315,0.0,0.009174311926605505,0.17407407407407408,0.0038022813688212928,0.014388489208633094,0.11272727272727273,0.08375634517766498,0.22727272727272727,0.5714285714285714,0.15789473684210525,0.3333333333333333,0.13230769230769232,0.050488145048814506,0.08461538461538462,0.057569296375266525,0.05263157894736842,0.13831258644536654,0.10344827586206896,0.12592436087048384,0.22,0.14285714285714285,0.11764705882352941,0.2564102564102564,0.0,0.1014964216005205,0.1631578947368421,0.24022346368715083,0.0,0.42857142857142855,0.2777777777777778,0.3333333333333333,0.08333333333333333,0.048608534322820036
marijuana_raw_data,0.07692307692307693,0.06086956521739131,0.13333333333333333,0.0,0.10284605433376455,0.06905829596412556,0.10471204188481675,0.5,0.0,0.42857142857142855,0.0,0.047619047619047616,0.017857142857142856,0.07777164920022063,0.0967741935483871,0.10429447852760736,0.0,0.0,0.16379310344827586,0.08453237410071943,0.0,0.07869481765834933,0.0,0.06116207951070336,0.09444444444444444,0.07604562737642585,0.03597122302158273,0.09454545454545454,0.06345177664974619,0.05785123966942149,0.07142857142857142,0.07894736842105263,0.0,0.08,0.08647140864714087,0.11282051282051282,0.0767590618336887,0.07894736842105263,0.05394190871369295,0.20689655172413793,0.08113247411789562,0.044,0.14285714285714285,0.058823529411764705,0.02564102564102564,0.0,0.08002602472348731,0.07368421052631578,0.03910614525139665,0.25,0.07142857142857142,0.05555555555555555,0.0,0.16666666666666666,0.059369202226345084
microgrowery_raw_data,0.02564102564102564,0.05,0.0,0.0,0.00129366106080207,0.003587443946188341,0.0,0.0,0.0,0.0,0.0,0.0,0.0,0.023166023166023165,0.03225806451612903,0.007668711656441718,0.0,0.0,0.017241379310344827,0.014388489208633094,0.06666666666666667,0.026871401151631478,0.0,0.0,0.001851851851851852,0.0038022813688212928,0.0,0.0,0.02030456852791878,0.004132231404958678,0.0,0.0,0.0,0.015384615384615385,0.005299860529986053,0.010256410256410256,0.0042643923240938165,0.0,0.027662517289073305,0.0,0.006761039509824636,0.004,0.0,0.0,0.0,0.0,0.08913467794404685,0.005263157894736842,0.0111731843575419,0.0,0.0,0.0,0.0,0.0,0.048608534322820036
mmj_raw_data,0.10256410256410256,0.07391304347826087,0.13333333333333333,0.5,0.09551530832255282,0.06816143497757847,0.05235602094240838,0.0,0.4,0.0,0.25,0.06802721088435375,0.017857142857142856,0.03474903474903475,0.03225806451612903,0.06288343558282208,0.0,0.2,0.034482758620689655,0.10971223021582734,0.0,0.044145873320537425,0.6666666666666666,0.24770642201834864,0.09259259259259259,0.04182509505703422,0.35251798561151076,0.03636363636363636,0.09644670050761421,0.01652892561983471,0.0,0.05263157894736842,0.0,0.06769230769230769,0.24239888423988842,0.06837606837606838,0.07036247334754797,0.15789473684210525,0.03734439834024896,0.1724137931034483,0.06380731037397,0.048,0.2857142857142857,0.058823529411764705,0.02564102564102564,0.1,0.03188028627195836,0.1368421052631579,0.055865921787709494,0.0,0.0,0.0,0.0,0.08333333333333333,0.04415584415584416
petioles_raw_data,0.05128205128205128,0.11304347826086956,0.4,0.25,0.13303147908581284,0.15784753363228698,0.18324607329842932,0.0,0.2,0.14285714285714285,0.25,0.19047619047619047,0.14285714285714285,0.15554329840044126,0.14516129032258066,0.10429447852760736,1.0,0.0,0.05172413793103448,0.10971223021582734,0.06666666666666667,0.09021113243761997,0.0,0.027522935779816515,0.21851851851851853,0.3726235741444867,0.06474820143884892,0.06909090909090909,0.1319796954314721,0.23140495867768596,0.14285714285714285,0.10526315789473684,0.0,0.10153846153846154,0.05160390516039052,0.07863247863247863,0.05543710021321962,0.05263157894736842,0.12171507607192254,0.13793103448275862,0.21128248468201985,0.164,0.14285714285714285,0.058823529411764705,0.15384615384615385,0.0,0.1509433962264151,0.15263157894736842,0.2905027932960894,0.0,0.2857142857142857,0.16666666666666666,0.3333333333333333,0.16666666666666666,0.0686456400742115
saplings_raw_data,0.02564102564102564,0.034782608695652174,0.0,0.0,0.040965933592065545,0.07713004484304933,0.031413612565445025,0.0,0.0,0.0,0.25,0.047619047619047616,0.0,0.01654715940430226,0.016129032258064516,0.0352760736196319,0.0,0.0,0.08620689655172414,0.07553956834532374,0.2,0.07773512476007678,0.3333333333333333,0.027522935779816515,0.025925925925925925,0.022813688212927757,0.02877697841726619,0.05090909090909091,0.0532994923857868,0.0,0.07142857142857142,0.05263157894736842,0.0,0.046153846153846156,0.02510460251046025,0.04957264957264957,0.06823027718550106,0.05263157894736842,0.09681881051175657,0.10344827586206896,0.035918022395943376,0.048,0.0,0.058823529411764705,0.10256410256410256,0.1,0.031229668184775537,0.015789473684210527,0.0111731843575419,0.0,0.0,0.0,0.0,0.0,0.07606679035250463
treedibles_raw_data,0.05128205128205128,0.03695652173913044,0.0,0.0,0.010133678309616215,0.010762331838565023,0.041884816753926704,0.0,0.0,0.0,0.0,0.027210884353741496,0.0,0.00827357970215113,0.03225806451612903,0.013803680981595092,0.0,0.0,0.0603448275862069,0.025179856115107913,0.3333333333333333,0.02783109404990403,0.0,0.045871559633027525,0.011111111111111112,0.022813688212927757,0.025179856115107913,0.06181818181818182,0.025380710659898477,0.0,0.0,0.0,0.0,0.043076923076923075,0.026778242677824266,0.015384615384615385,0.02771855010660981,0.0,0.0318118948824343,0.0,0.03422776251848722,0.076,0.14285714285714285,0.0,0.0,0.0,0.009759271307742356,0.0,0.0446927374301676,0.0,0.0,0.0,0.0,0.0,0.0326530612244898
trees_raw_data,0.07692307692307693,0.034782608695652174,0.0,0.0,0.028460543337645538,0.042152466367713005,0.031413612565445025,0.3333333333333333,0.0,0.0,0.0,0.02040816326530612,0.05357142857142857,0.1831218974076117,0.016129032258064516,0.04754601226993865,0.0,0.0,0.07758620689655173,0.0683453237410072,0.0,0.07005758157389635,0.0,0.04281345565749235,0.018518518518518517,0.019011406844106463,0.03237410071942446,0.04727272727272727,0.02030456852791878,0.15702479338842976,0.07142857142857142,0.05263157894736842,0.0,0.033846153846153845,0.046582984658298465,0.04358974358974359,0.057569296375266525,0.0,0.05255878284923928,0.0,0.039721107120219735,0.048,0.0,0.058823529411764705,0.05128205128205128,0.0,0.034482758620689655,0.015789473684210527,0.0446927374301676,0.0,0.0,0.0,0.0,0.0,0.04601113172541744
vaporents_raw_data,0.0,0.05,0.0,0.0,0.004743423889607589,0.006278026905829596,0.010471204188481676,0.0,0.0,0.0,0.0,0.027210884353741496,0.07142857142857142,0.009928295642581356,0.008064516129032258,0.02607361963190184,0.0,0.0,0.0,0.012589928057553957,0.0,0.03838771593090211,0.0,0.0030581039755351682,0.005555555555555556,0.0,0.0035971223021582736,0.007272727272727273,0.03807106598984772,0.004132231404958678,0.0,0.0,0.0,0.07692307692307693,0.026499302649930265,0.003418803418803419,0.006396588486140725,0.0,0.022130013831258646,0.0,0.009930276780054934,0.012,0.0,0.0,0.02564102564102564,0.0,0.009759271307742356,0.0,0.0223463687150838,0.0,0.0,0.0,0.0,0.0,0.04935064935064935
weed_raw_data,0.05128205128205128,0.030434782608695653,0.0,0.0,0.018326865028029323,0.03497757847533632,0.03664921465968586,0.0,0.0,0.0,0.0,0.013605442176870748,0.017857142857142856,0.023166023166023165,0.008064516129032258,0.010736196319018405,0.0,0.0,0.034482758620689655,0.03237410071942446,0.06666666666666667,0.026871401151631478,0.0,0.0061162079510703364,0.016666666666666666,0.015209125475285171,0.0035971223021582736,0.02909090909090909,0.017766497461928935,0.012396694214876033,0.0,0.02631578947368421,0.0,0.015384615384615385,0.011436541143654114,0.03333333333333333,0.03624733475479744,0.02631578947368421,0.02351313969571231,0.0,0.017959011197971688,0.004,0.0,0.058823529411764705,0.02564102564102564,0.6,0.029277813923227064,0.015789473684210527,0.01675977653631285,0.0,0.0,0.0,0.0,0.0,0.23599257884972172
